Event Index;UTC Timestamp;UTC Date and Time;Local Timestamp;Local Timezone;Local Date and Time;Experiment ID;Experiment Version;Tree Node Key;Repeat Key;Schedule ID;Participant Public ID;Participant Private ID;Participant Starting Group;Participant Status;Participant Completion Code;Participant External Session ID;Participant Device Type;Participant Device;Participant OS;Participant Browser;Participant Monitor Size;Participant Viewport Size;Checkpoint;Room ID;Room Order;Task Name;Task Version;branch-huc2;branch-19ea;branch-b8n7;checkpoint-if5t;checkpoint-ezzj;checkpoint-lxys;checkpoint-n8ox;checkpoint-h7in;checkpoint-prqz;checkpoint-l38h;checkpoint-oafw;branch-x43a;randomiser-b8xo;checkpoint-zp1s;checkpoint-zmw5;originalHint;originalResult;participantPosition;participantConfidence;success;trialScore;level;distanceMovedX;distanceMovedY;timeToComplete;actualTrialScore;trialName;tutorialRepeated;timedOut;timedOutCount;reward;totalScore
1;1658941395897;27/07/2022 17:03:15;1658941394004;3;27/07/2022 20:03:14;74063;29;task-6sm9;;23336588;f05iqc79;6847704;;live;;;mobile;Apple iPhone;iOS 15.5;Mobile Safari 15.5;390x844;750x307;Social Task Done;;;SpaceTaskSimple;4;cannabis_yes;regular__ever_yes;current_regular_use_no;Consent_Done;E-Mail_Done;Demographics Done;Cape-15_Done;;CEQ__cannabis_user_done;;;right_age;Social Task First;;Social Task Done;-0.0173927805886088;-0.0116543273339887;53.841410993193975;100;;0;2;29.87012987012987;0;3970;0;spacetask003reversed;;;0;0;0
2;1658941409940;27/07/2022 17:03:29;1658941407509;3;27/07/2022 20:03:27;74063;29;task-6sm9;;23336588;f05iqc79;6847704;;live;;;mobile;Apple iPhone;iOS 15.5;Mobile Safari 15.5;390x844;750x307;Social Task Done;;;SpaceTaskSimple;4;cannabis_yes;regular__ever_yes;current_regular_use_no;Consent_Done;E-Mail_Done;Demographics Done;Cape-15_Done;;CEQ__cannabis_user_done;;;right_age;Social Task First;;Social Task Done;0.032895655139331;-0.0278634499594891;87.6923076923077;100;;0;2;10.38961038961039;0;1617;0;spacetask003reversed;;1;1;0;0
3;1658941424112;27/07/2022 17:03:44;1658941416298;3;27/07/2022 20:03:36;74063;29;task-6sm9;;23336588;f05iqc79;6847704;;live;;;mobile;Apple iPhone;iOS 15.5;Mobile Safari 15.5;390x844;750x307;Social Task Done;;;SpaceTaskSimple;4;cannabis_yes;regular__ever_yes;current_regular_use_no;Consent_Done;E-Mail_Done;Demographics Done;Cape-15_Done;;CEQ__cannabis_user_done;;;right_age;Social Task First;;Social Task Done;0.0030040149419115;-0.0122894444831856;44.281433778731774;100;;0;2;33.76623376623377;0;4463;0;spacetask003reversed;;;0;0;0
4;1658941451632;27/07/2022 17:04:11;1658941429052;3;27/07/2022 20:03:49;74063;29;task-6sm9;;23336588;f05iqc79;6847704;;live;;;mobile;Apple iPhone;iOS 15.5;Mobile Safari 15.5;390x844;750x307;Social Task Done;;;SpaceTaskSimple;4;cannabis_yes;regular__ever_yes;current_regular_use_no;Consent_Done;E-Mail_Done;Demographics Done;Cape-15_Done;;CEQ__cannabis_user_done;;;right_age;Social Task First;;Social Task Done;0.0786522204919299;-0.011014798248541;41.80920642287384;100;;0;2;18.181818181818183;0;3069;0;spacetask003reversed;;1;1;0;0
5;1658941451813;27/07/2022 17:04:11;1658941444309;3;27/07/2022 20:04:04;74063;29;task-6sm9;;23336588;f05iqc79;6847704;;live;;;mobile;Apple iPhone;iOS 15.5;Mobile Safari 15.5;390x844;750x307;Social Task Done;;;SpaceTaskSimple;4;cannabis_yes;regular__ever_yes;current_regular_use_no;Consent_Done;E-Mail_Done;Demographics Done;Cape-15_Done;;CEQ__cannabis_user_done;;;right_age;Social Task First;;Social Task Done;-0.0101575625305828;0.0176988949531576;61.623480312408354;100;;0;2;9.090909090909092;0;4553;0;spacetask003reversed;;1;1;0;0
6;1658941451813;27/07/2022 17:04:11;1658941451281;3;27/07/2022 20:04:11;74063;29;task-6sm9;;23336588;f05iqc79;6847704;;live;;;mobile;Apple iPhone;iOS 15.5;Mobile Safari 15.5;390x844;750x307;Social Task Done;;;SpaceTaskSimple;4;cannabis_yes;regular__ever_yes;current_regular_use_no;Consent_Done;E-Mail_Done;Demographics Done;Cape-15_Done;;CEQ__cannabis_user_done;;;right_age;Social Task First;;Social Task Done;0.00998193818586438;-0.0390252855032758;36.20210604590612;72.91666666666667;;0;2;25.97402597402597;27.08333333333333;4385;0;spacetask003reversed;;;0;0;0
7;1658941466646;27/07/2022 17:04:26;1658941465070;3;27/07/2022 20:04:25;74063;29;task-6sm9;;23336588;f05iqc79;6847704;;live;;;mobile;Apple iPhone;iOS 15.5;Mobile Safari 15.5;390x844;750x307;Social Task Done;;;SpaceTaskSimple;4;cannabis_yes;regular__ever_yes;current_regular_use_no;Consent_Done;E-Mail_Done;Demographics Done;Cape-15_Done;;CEQ__cannabis_user_done;;;right_age;Social Task First;;Social Task Done;-0.00978121374385207;0.0145302228268093;50.261864999967464;100;1;10;2;31.16883116883117;0;4466;100;spacetask003reversed;;1;1;0;10
8;1658941480866;27/07/2022 17:04:40;1658941471973;3;27/07/2022 20:04:31;74063;29;task-6sm9;;23336588;f05iqc79;6847704;;live;;;mobile;Apple iPhone;iOS 15.5;Mobile Safari 15.5;390x844;750x307;Social Task Done;;;SpaceTaskSimple;4;cannabis_yes;regular__ever_yes;current_regular_use_no;Consent_Done;E-Mail_Done;Demographics Done;Cape-15_Done;;CEQ__cannabis_user_done;;;right_age;Social Task First;;Social Task Done;0.00395935915052812;0.0232085318066533;53.658374844653736;100;1;10;2;11.688311688311687;0;3563;100;spacetask003reversed;;;0;0;20
9;1658941481030;27/07/2022 17:04:41;1658941479326;3;27/07/2022 20:04:39;74063;29;task-6sm9;;23336588;f05iqc79;6847704;;live;;;mobile;Apple iPhone;iOS 15.5;Mobile Safari 15.5;390x844;750x307;Social Task Done;;;SpaceTaskSimple;4;cannabis_yes;regular__ever_yes;current_regular_use_no;Consent_Done;E-Mail_Done;Demographics Done;Cape-15_Done;;CEQ__cannabis_user_done;;;right_age;Social Task First;;Social Task Done;-0.0254453816688188;-0.0147162534883433;56.67677993155286;100;;0;2;23.376623376623375;0;4162;0;spacetask003reversed;;;0;0;20
10;1658941495197;27/07/2022 17:04:55;1658941485764;3;27/07/2022 20:04:45;74063;29;task-6sm9;;23336588;f05iqc79;6847704;;live;;;mobile;Apple iPhone;iOS 15.5;Mobile Safari 15.5;390x844;750x307;Social Task Done;;;SpaceTaskSimple;4;cannabis_yes;regular__ever_yes;current_regular_use_no;Consent_Done;E-Mail_Done;Demographics Done;Cape-15_Done;;CEQ__cannabis_user_done;;;right_age;Social Task First;;Social Task Done;-0.000258425212472053;-0.00433432873583785;50.76923076923077;100;1;10;2;42.857142857142854;0;4863;100;spacetask003reversed;;;0;0;30
11;1658941542330;27/07/2022 17:05:42;1658941540594;3;27/07/2022 20:05:40;74063;29;task-6sm9;;23336588;f05iqc79;6847704;;live;;;mobile;Apple iPhone;iOS 15.5;Mobile Safari 15.5;390x844;750x307;Social Task Done;;;SpaceTaskSimple;4;cannabis_yes;regular__ever_yes;current_regular_use_no;Consent_Done;E-Mail_Done;Demographics Done;Cape-15_Done;;CEQ__cannabis_user_done;;;right_age;Social Task First;;Social Task Done;-0.192141871986294;0.0767640870122194;29.891846439862668;100;;0;3;51.94805194805194;0;3751;0;spacetask003reversed;;1;2;0;30
12;1658941545808;27/07/2022 17:05:45;1658941545295;3;27/07/2022 20:05:45;74063;29;task-6sm9;;23336588;f05iqc79;6847704;;live;;;mobile;Apple iPhone;iOS 15.5;Mobile Safari 15.5;390x844;750x307;Social Task Done;;;SpaceTaskSimple;4;cannabis_yes;regular__ever_yes;current_regular_use_no;Consent_Done;E-Mail_Done;Demographics Done;Cape-15_Done;;CEQ__cannabis_user_done;;;right_age;Social Task First;;Social Task Done;-0.172164595880708;-0.0768770637087761;58.95603746053574;100;;0;3;35.064935064935064;0;2707;0;spacetask003reversed;;;0;0;30
13;1658941558515;27/07/2022 17:05:58;1658941549131;3;27/07/2022 20:05:49;74063;29;task-6sm9;;23336588;f05iqc79;6847704;;live;;;mobile;Apple iPhone;iOS 15.5;Mobile Safari 15.5;390x844;750x307;Social Task Done;;;SpaceTaskSimple;4;cannabis_yes;regular__ever_yes;current_regular_use_no;Consent_Done;E-Mail_Done;Demographics Done;Cape-15_Done;;CEQ__cannabis_user_done;;;right_age;Social Task First;;Social Task Done;0.0674226390480751;0.0307697622292413;42.62634755226774;100;;0;3;23.376623376623375;0;2012;0;spacetask003reversed;;;0;0;30
14;1658941558695;27/07/2022 17:05:58;1658941554467;3;27/07/2022 20:05:54;74063;29;task-6sm9;;23336588;f05iqc79;6847704;;live;;;mobile;Apple iPhone;iOS 15.5;Mobile Safari 15.5;390x844;750x307;Social Task Done;;;SpaceTaskSimple;4;cannabis_yes;regular__ever_yes;current_regular_use_no;Consent_Done;E-Mail_Done;Demographics Done;Cape-15_Done;;CEQ__cannabis_user_done;;;right_age;Social Task First;;Social Task Done;-0.00834668446564994;0.0103610681963258;52.87905485545329;100;1;10;3;22.07792207792208;0;3345;100;spacetask003reversed;;;0;0;40
15;1658941559870;27/07/2022 17:05:59;1658941559768;3;27/07/2022 20:05:59;74063;29;task-6sm9;;23336588;f05iqc79;6847704;;live;;;mobile;Apple iPhone;iOS 15.5;Mobile Safari 15.5;390x844;750x307;Social Task Done;;;SpaceTaskSimple;4;cannabis_yes;regular__ever_yes;current_regular_use_no;Consent_Done;E-Mail_Done;Demographics Done;Cape-15_Done;;CEQ__cannabis_user_done;;;right_age;Social Task First;;Social Task Done;0.0735053594122329;-0.0445450627089067;55.390706480977904;100;;0;3;37.66233766233766;0;3400;0;spacetask003reversed;;;0;0;40
16;1658941574019;27/07/2022 17:06:14;1658941564971;3;27/07/2022 20:06:04;74063;29;task-6sm9;;23336588;f05iqc79;6847704;;live;;;mobile;Apple iPhone;iOS 15.5;Mobile Safari 15.5;390x844;750x307;Social Task Done;;;SpaceTaskSimple;4;cannabis_yes;regular__ever_yes;current_regular_use_no;Consent_Done;E-Mail_Done;Demographics Done;Cape-15_Done;;CEQ__cannabis_user_done;;;right_age;Social Task First;;Social Task Done;0.255517361477369;0.0798828388043494;44.11716455477542;100;;0;3;25.97402597402597;0;2647;0;spacetask003reversed;;;0;0;40
17;1658941574183;27/07/2022 17:06:14;1658941568938;3;27/07/2022 20:06:08;74063;29;task-6sm9;;23336588;f05iqc79;6847704;;live;;;mobile;Apple iPhone;iOS 15.5;Mobile Safari 15.5;390x844;750x307;Social Task Done;;;SpaceTaskSimple;4;cannabis_yes;regular__ever_yes;current_regular_use_no;Consent_Done;E-Mail_Done;Demographics Done;Cape-15_Done;;CEQ__cannabis_user_done;;;right_age;Social Task First;;Social Task Done;0.00513081186853136;-0.0328578236972566;30.76923076923077;100;;0;3;58.44155844155844;0;2609;0;spacetask003reversed;;;0;0;40
18;1658941574183;27/07/2022 17:06:14;1658941573091;3;27/07/2022 20:06:13;74063;29;task-6sm9;;23336588;f05iqc79;6847704;;live;;;mobile;Apple iPhone;iOS 15.5;Mobile Safari 15.5;390x844;750x307;Social Task Done;;;SpaceTaskSimple;4;cannabis_yes;regular__ever_yes;current_regular_use_no;Consent_Done;E-Mail_Done;Demographics Done;Cape-15_Done;;CEQ__cannabis_user_done;;;right_age;Social Task First;;Social Task Done;-0.0388742578956285;-0.187418850885052;49.527003788757135;100;;0;3;14.285714285714285;0;2735;0;spacetask003reversed;;;0;0;40
19;1658941588522;27/07/2022 17:06:28;1658941584511;3;27/07/2022 20:06:24;74063;29;task-6sm9;;23336588;f05iqc79;6847704;;live;;;mobile;Apple iPhone;iOS 15.5;Mobile Safari 15.5;390x844;750x307;Social Task Done;;;SpaceTaskSimple;4;cannabis_yes;regular__ever_yes;current_regular_use_no;Consent_Done;E-Mail_Done;Demographics Done;Cape-15_Done;;CEQ__cannabis_user_done;;;right_age;Social Task First;;Social Task Done;0.153505064608461;-0.0617756090239488;39.602082402007674;100;;0;3;10.38961038961039;0;2830;0;spacetask003reversed;;1;1;0;40
20;1658941589738;27/07/2022 17:06:29;1658941589630;3;27/07/2022 20:06:29;74063;29;task-6sm9;;23336588;f05iqc79;6847704;;live;;;mobile;Apple iPhone;iOS 15.5;Mobile Safari 15.5;390x844;750x307;Social Task Done;;;SpaceTaskSimple;4;cannabis_yes;regular__ever_yes;current_regular_use_no;Consent_Done;E-Mail_Done;Demographics Done;Cape-15_Done;;CEQ__cannabis_user_done;;;right_age;Social Task First;;Social Task Done;0.0487571266437174;0.0558497001731697;42.07423382145406;85.41666666666667;;0;3;19.480519480519483;14.583333333333336;3531;0;spacetask003reversed;;;0;0;40
21;1658941605393;27/07/2022 17:06:45;1658941603587;3;27/07/2022 20:06:43;74063;29;task-6sm9;;23336588;f05iqc79;6847704;;live;;;mobile;Apple iPhone;iOS 15.5;Mobile Safari 15.5;390x844;750x307;Social Task Done;;;SpaceTaskSimple;4;cannabis_yes;regular__ever_yes;current_regular_use_no;Consent_Done;E-Mail_Done;Demographics Done;Cape-15_Done;;CEQ__cannabis_user_done;;;right_age;Social Task First;;Social Task Done;0.0905359085233282;-0.129597008742525;63.82803837036559;100;;0;3;22.07792207792208;0;4867;0;spacetask003reversed;;1;1;0;40
22;1658941609420;27/07/2022 17:06:49;1658941608888;3;27/07/2022 20:06:48;74063;29;task-6sm9;;23336588;f05iqc79;6847704;;live;;;mobile;Apple iPhone;iOS 15.5;Mobile Safari 15.5;390x844;750x307;Social Task Done;;;SpaceTaskSimple;4;cannabis_yes;regular__ever_yes;current_regular_use_no;Consent_Done;E-Mail_Done;Demographics Done;Cape-15_Done;;CEQ__cannabis_user_done;;;right_age;Social Task First;;Social Task Done;0.108559315266029;-0.265743234899738;33.14450372153733;100;;0;3;31.16883116883117;0;3698;0;spacetask003reversed;;;0;0;40
23;1658941619995;27/07/2022 17:06:59;1658941612640;3;27/07/2022 20:06:52;74063;29;task-6sm9;;23336588;f05iqc79;6847704;;live;;;mobile;Apple iPhone;iOS 15.5;Mobile Safari 15.5;390x844;750x307;Social Task Done;;;SpaceTaskSimple;4;cannabis_yes;regular__ever_yes;current_regular_use_no;Consent_Done;E-Mail_Done;Demographics Done;Cape-15_Done;;CEQ__cannabis_user_done;;;right_age;Social Task First;;Social Task Done;-0.0474455055898625;-0.0501954882732536;27.058843936762294;100;;0;3;32.467532467532465;0;2231;0;spacetask003reversed;;;0;0;40
24;1658941634385;27/07/2022 17:07:14;1658941626931;3;27/07/2022 20:07:06;74063;29;task-6sm9;;23336588;f05iqc79;6847704;;live;;;mobile;Apple iPhone;iOS 15.5;Mobile Safari 15.5;390x844;750x307;Social Task Done;;;SpaceTaskSimple;4;cannabis_yes;regular__ever_yes;current_regular_use_no;Consent_Done;E-Mail_Done;Demographics Done;Cape-15_Done;;CEQ__cannabis_user_done;;;right_age;Social Task First;;Social Task Done;0.0409042968860355;0.259304349248035;48.412231067955055;100;;0;3;10.38961038961039;0;3634;0;spacetask003reversed;;1;1;0;40
25;1658941634545;27/07/2022 17:07:14;1658941632733;3;27/07/2022 20:07:12;74063;29;task-6sm9;;23336588;f05iqc79;6847704;;live;;;mobile;Apple iPhone;iOS 15.5;Mobile Safari 15.5;390x844;750x307;Social Task Done;;;SpaceTaskSimple;4;cannabis_yes;regular__ever_yes;current_regular_use_no;Consent_Done;E-Mail_Done;Demographics Done;Cape-15_Done;;CEQ__cannabis_user_done;;;right_age;Social Task First;;Social Task Done;-0.0668865915101195;-0.105120337789607;72.3076923076923;100;;0;3;23.376623376623375;0;4010;0;spacetask003reversed;;;0;0;40
26;1658941638968;27/07/2022 17:07:18;1658941638435;3;27/07/2022 20:07:18;74063;29;task-6sm9;;23336588;f05iqc79;6847704;;live;;;mobile;Apple iPhone;iOS 15.5;Mobile Safari 15.5;390x844;750x307;Social Task Done;;;SpaceTaskSimple;4;cannabis_yes;regular__ever_yes;current_regular_use_no;Consent_Done;E-Mail_Done;Demographics Done;Cape-15_Done;;CEQ__cannabis_user_done;;;right_age;Social Task First;;Social Task Done;-0.103341741816781;0.0833289161194739;27.166713161009802;100;;0;3;20.77922077922078;0;3481;0;spacetask003reversed;;;0;0;40
27;1658941648808;27/07/2022 17:07:28;1658941642268;3;27/07/2022 20:07:22;74063;29;task-6sm9;;23336588;f05iqc79;6847704;;live;;;mobile;Apple iPhone;iOS 15.5;Mobile Safari 15.5;390x844;750x307;Social Task Done;;;SpaceTaskSimple;4;cannabis_yes;regular__ever_yes;current_regular_use_no;Consent_Done;E-Mail_Done;Demographics Done;Cape-15_Done;;CEQ__cannabis_user_done;;;right_age;Social Task First;;Social Task Done;0.174355924929606;-0.0540125323251738;34.492112708245806;100;;0;3;0;0;2045;0;spacetask003reversed;;;0;0;40
28;1658941649381;27/07/2022 17:07:29;1658941649272;3;27/07/2022 20:07:29;74063;29;task-6sm9;;23336588;f05iqc79;6847704;;live;;;mobile;Apple iPhone;iOS 15.5;Mobile Safari 15.5;390x844;750x307;Social Task Done;;;SpaceTaskSimple;4;cannabis_yes;regular__ever_yes;current_regular_use_no;Consent_Done;E-Mail_Done;Demographics Done;Cape-15_Done;;CEQ__cannabis_user_done;;;right_age;Social Task First;;Social Task Done;-0.140112828576578;0.164121898750489;56.090360134792164;100;;0;3;18.181818181818183;0;2877;0;spacetask003reversed;;;0;0;40
29;1658941663437;27/07/2022 17:07:43;1658941655510;3;27/07/2022 20:07:35;74063;29;task-6sm9;;23336588;f05iqc79;6847704;;live;;;mobile;Apple iPhone;iOS 15.5;Mobile Safari 15.5;390x844;750x307;Social Task Done;;;SpaceTaskSimple;4;cannabis_yes;regular__ever_yes;current_regular_use_no;Consent_Done;E-Mail_Done;Demographics Done;Cape-15_Done;;CEQ__cannabis_user_done;;;right_age;Social Task First;;Social Task Done;0.0416798698002148;-0.227878733412163;32.50969921787893;10;1;1;3;0;89.5833333333333;3782;10;spacetask003reversed;;;0;0;41
30;1658941663609;27/07/2022 17:07:43;1658941659829;3;27/07/2022 20:07:39;74063;29;task-6sm9;;23336588;f05iqc79;6847704;;live;;;mobile;Apple iPhone;iOS 15.5;Mobile Safari 15.5;390x844;750x307;Social Task Done;;;SpaceTaskSimple;4;cannabis_yes;regular__ever_yes;current_regular_use_no;Consent_Done;E-Mail_Done;Demographics Done;Cape-15_Done;;CEQ__cannabis_user_done;;;right_age;Social Task First;;Social Task Done;0.116200857189087;0.0688669167542673;2.153392542991997;45.833333333333314;;0;3;0;54.166666666666686;3080;0;spacetask003reversed;;;0;0;41
31;1658941664536;27/07/2022 17:07:44;1658941664449;3;27/07/2022 20:07:44;74063;29;task-6sm9;;23336588;f05iqc79;6847704;;live;;;mobile;Apple iPhone;iOS 15.5;Mobile Safari 15.5;390x844;750x307;Social Task Done;;;SpaceTaskSimple;4;cannabis_yes;regular__ever_yes;current_regular_use_no;Consent_Done;E-Mail_Done;Demographics Done;Cape-15_Done;;CEQ__cannabis_user_done;;;right_age;Social Task First;;Social Task Done;0.0267983395846992;-0.00363445861366696;78.69314359189487;66.66666666666666;;0;3;3.896103896103896;33.33333333333333;3097;0;spacetask003reversed;;;0;0;41
32;1658941685583;27/07/2022 17:08:05;1658941669451;3;27/07/2022 20:07:49;74063;29;task-6sm9;;23336588;f05iqc79;6847704;;live;;;mobile;Apple iPhone;iOS 15.5;Mobile Safari 15.5;390x844;750x307;Social Task Done;;;SpaceTaskSimple;4;cannabis_yes;regular__ever_yes;current_regular_use_no;Consent_Done;E-Mail_Done;Demographics Done;Cape-15_Done;;CEQ__cannabis_user_done;;;right_age;Social Task First;;Social Task Done;-0.0446520977259504;0.0456695986678548;52.34432789181479;10;1;1;3;0;89.5833333333333;3077;10;spacetask003reversed;;;0;0;42
33;1658941685777;27/07/2022 17:08:05;1658941674087;3;27/07/2022 20:07:54;74063;29;task-6sm9;;23336588;f05iqc79;6847704;;live;;;mobile;Apple iPhone;iOS 15.5;Mobile Safari 15.5;390x844;750x307;Social Task Done;;;SpaceTaskSimple;4;cannabis_yes;regular__ever_yes;current_regular_use_no;Consent_Done;E-Mail_Done;Demographics Done;Cape-15_Done;;CEQ__cannabis_user_done;;;right_age;Social Task First;;Social Task Done;-0.0265419014896955;-0.00411179309873255;53.46323470783763;100;;0;3;32.467532467532465;0;2540;0;spacetask003reversed;;;0;0;42
34;1658941685777;27/07/2022 17:08:05;1658941680970;3;27/07/2022 20:08:00;74063;29;task-6sm9;;23336588;f05iqc79;6847704;;live;;;mobile;Apple iPhone;iOS 15.5;Mobile Safari 15.5;390x844;750x307;Social Task Done;;;SpaceTaskSimple;4;cannabis_yes;regular__ever_yes;current_regular_use_no;Consent_Done;E-Mail_Done;Demographics Done;Cape-15_Done;;CEQ__cannabis_user_done;;;right_age;Social Task First;;Social Task Done;-0.0129924735663662;-0.00447626359169728;54.334717082628835;62.49999999999999;1;6;3;0;37.5;3877;62;spacetask003reversed;;;0;0;48
35;1658941685777;27/07/2022 17:08:05;1658941685323;3;27/07/2022 20:08:05;74063;29;task-6sm9;;23336588;f05iqc79;6847704;;live;;;mobile;Apple iPhone;iOS 15.5;Mobile Safari 15.5;390x844;750x307;Social Task Done;;;SpaceTaskSimple;4;cannabis_yes;regular__ever_yes;current_regular_use_no;Consent_Done;E-Mail_Done;Demographics Done;Cape-15_Done;;CEQ__cannabis_user_done;;;right_age;Social Task First;;Social Task Done;0.0120450302693495;-0.0162081711292706;41.58766238925719;41.66666666666666;1;4;3;9.090909090909092;58.33333333333336;3180;42;spacetask003reversed;;;0;0;52
36;1658941690494;27/07/2022 17:08:10;1658941689874;3;27/07/2022 20:08:09;74063;29;task-6sm9;;23336588;f05iqc79;6847704;;live;;;mobile;Apple iPhone;iOS 15.5;Mobile Safari 15.5;390x844;750x307;Social Task Done;;;SpaceTaskSimple;4;cannabis_yes;regular__ever_yes;current_regular_use_no;Consent_Done;E-Mail_Done;Demographics Done;Cape-15_Done;;CEQ__cannabis_user_done;;;right_age;Social Task First;;Social Task Done;-0.0250192778193917;0.00218148891535716;21.538140425926592;29.166666666666686;;0;3;0;70.83333333333334;3194;0;spacetask003reversed;;;0;0;52
37;1658941700327;27/07/2022 17:08:20;1658941696009;3;27/07/2022 20:08:16;74063;29;task-6sm9;;23336588;f05iqc79;6847704;;live;;;mobile;Apple iPhone;iOS 15.5;Mobile Safari 15.5;390x844;750x307;Social Task Done;;;SpaceTaskSimple;4;cannabis_yes;regular__ever_yes;current_regular_use_no;Consent_Done;E-Mail_Done;Demographics Done;Cape-15_Done;;CEQ__cannabis_user_done;;;right_age;Social Task First;;Social Task Done;-0.0151360525566815;0.0515436820567742;38.22807269322808;43.749999999999986;;0;3;6.493506493506493;56.25000000000002;4582;0;spacetask003reversed;;;0;0;52
38;1658941703446;27/07/2022 17:08:23;1658941702880;3;27/07/2022 20:08:22;74063;29;task-6sm9;;23336588;f05iqc79;6847704;;live;;;mobile;Apple iPhone;iOS 15.5;Mobile Safari 15.5;390x844;750x307;Social Task Done;;;SpaceTaskSimple;4;cannabis_yes;regular__ever_yes;current_regular_use_no;Consent_Done;E-Mail_Done;Demographics Done;Cape-15_Done;;CEQ__cannabis_user_done;;;right_age;Social Task First;;Social Task Done;0.00928986588513813;-0.0281248194210864;55.722391692498604;10.416666666666728;1;1;3;5.194805194805195;89.5833333333333;3982;10;spacetask003reversed;;;0;0;53
39;1658941717719;27/07/2022 17:08:37;1658941708768;3;27/07/2022 20:08:28;74063;29;task-6sm9;;23336588;f05iqc79;6847704;;live;;;mobile;Apple iPhone;iOS 15.5;Mobile Safari 15.5;390x844;750x307;Social Task Done;;;SpaceTaskSimple;4;cannabis_yes;regular__ever_yes;current_regular_use_no;Consent_Done;E-Mail_Done;Demographics Done;Cape-15_Done;;CEQ__cannabis_user_done;;;right_age;Social Task First;;Social Task Done;-0.0132754808791704;0.0203372668605581;24.615384615384617;22.9166666666667;;0;3;20.77922077922078;77.08333333333333;4617;0;spacetask003reversed;;;0;0;53
40;1658941717882;27/07/2022 17:08:37;1658941714753;3;27/07/2022 20:08:34;74063;29;task-6sm9;;23336588;f05iqc79;6847704;;live;;;mobile;Apple iPhone;iOS 15.5;Mobile Safari 15.5;390x844;750x307;Social Task Done;;;SpaceTaskSimple;4;cannabis_yes;regular__ever_yes;current_regular_use_no;Consent_Done;E-Mail_Done;Demographics Done;Cape-15_Done;;CEQ__cannabis_user_done;;;right_age;Social Task First;;Social Task Done;-0.014235178467271;-0.0165142691167838;79.87234679409246;10;;0;3;6.493506493506493;89.5833333333333;4146;0;spacetask003reversed;;;0;0;53
41;1658941721189;27/07/2022 17:08:41;1658941720688;3;27/07/2022 20:08:40;74063;29;task-6sm9;;23336588;f05iqc79;6847704;;live;;;mobile;Apple iPhone;iOS 15.5;Mobile Safari 15.5;390x844;750x307;Social Task Done;;;SpaceTaskSimple;4;cannabis_yes;regular__ever_yes;current_regular_use_no;Consent_Done;E-Mail_Done;Demographics Done;Cape-15_Done;;CEQ__cannabis_user_done;;;right_age;Social Task First;;Social Task Done;-0.0277170419297814;-0.00521243349899426;36.06799852088561;37.5;1;4;3;32.467532467532465;62.50000000000003;4668;37;spacetask003reversed;;;0;0;57
42;1658941734748;27/07/2022 17:08:54;1658941734198;3;27/07/2022 20:08:54;74063;29;task-6sm9;;23336588;f05iqc79;6847704;;live;;;mobile;Apple iPhone;iOS 15.5;Mobile Safari 15.5;390x844;750x307;Social Task Done;;;SpaceTaskSimple;4;cannabis_yes;regular__ever_yes;current_regular_use_no;Consent_Done;E-Mail_Done;Demographics Done;Cape-15_Done;;CEQ__cannabis_user_done;;;right_age;Social Task First;;Social Task Done;0.0300641714354654;-0.00935327935615697;25.405367627324587;10;1;1;3;19.480519480519483;89.5833333333333;4970;10;spacetask003reversed;;1;1;0;58
43;1658941745747;27/07/2022 17:09:05;1658941741719;3;27/07/2022 20:09:01;74063;29;task-6sm9;;23336588;f05iqc79;6847704;;live;;;mobile;Apple iPhone;iOS 15.5;Mobile Safari 15.5;390x844;750x307;Social Task Done;;;SpaceTaskSimple;4;cannabis_yes;regular__ever_yes;current_regular_use_no;Consent_Done;E-Mail_Done;Demographics Done;Cape-15_Done;;CEQ__cannabis_user_done;;;right_age;Social Task First;;Social Task Done;0.0370015824385046;0.066653844360312;50.815854180275934;10.416666666666728;1;1;3;19.480519480519483;89.5833333333333;4263;10;spacetask003reversed;;;0;0;59
44;1658941748365;27/07/2022 17:09:08;1658941747857;3;27/07/2022 20:09:07;74063;29;task-6sm9;;23336588;f05iqc79;6847704;;live;;;mobile;Apple iPhone;iOS 15.5;Mobile Safari 15.5;390x844;750x307;Social Task Done;;;SpaceTaskSimple;4;cannabis_yes;regular__ever_yes;current_regular_use_no;Consent_Done;E-Mail_Done;Demographics Done;Cape-15_Done;;CEQ__cannabis_user_done;;;right_age;Social Task First;;Social Task Done;0.0246963441992948;0.0314931123307011;48.840086936862505;45.833333333333314;1;5;3;10.38961038961039;54.166666666666686;4934;46;spacetask003reversed;;;0;0;64
45;1658941759940;27/07/2022 17:09:19;1658941753524;3;27/07/2022 20:09:13;74063;29;task-6sm9;;23336588;f05iqc79;6847704;;live;;;mobile;Apple iPhone;iOS 15.5;Mobile Safari 15.5;390x844;750x307;Social Task Done;;;SpaceTaskSimple;4;cannabis_yes;regular__ever_yes;current_regular_use_no;Consent_Done;E-Mail_Done;Demographics Done;Cape-15_Done;;CEQ__cannabis_user_done;;;right_age;Social Task First;;Social Task Done;-0.0172941258816485;0.0014511067497609;27.16427233659177;22.9166666666667;;0;3;14.285714285714285;77.08333333333333;4194;0;spacetask003reversed;;;0;0;64
46;1658941760133;27/07/2022 17:09:20;1658941758777;3;27/07/2022 20:09:18;74063;29;task-6sm9;;23336588;f05iqc79;6847704;;live;;;mobile;Apple iPhone;iOS 15.5;Mobile Safari 15.5;390x844;750x307;Social Task Done;;;SpaceTaskSimple;4;cannabis_yes;regular__ever_yes;current_regular_use_no;Consent_Done;E-Mail_Done;Demographics Done;Cape-15_Done;;CEQ__cannabis_user_done;;;right_age;Social Task First;;Social Task Done;0.0221249651045045;-0.0273088578379616;49.103983190588266;33.33333333333334;1;3;3;10.38961038961039;66.66666666666669;3545;33;spacetask003reversed;;;0;0;67
47;1658941764080;27/07/2022 17:09:24;1658941763526;3;27/07/2022 20:09:23;74063;29;task-6sm9;;23336588;f05iqc79;6847704;;live;;;mobile;Apple iPhone;iOS 15.5;Mobile Safari 15.5;390x844;750x307;Social Task Done;;;SpaceTaskSimple;4;cannabis_yes;regular__ever_yes;current_regular_use_no;Consent_Done;E-Mail_Done;Demographics Done;Cape-15_Done;;CEQ__cannabis_user_done;;;right_age;Social Task First;;Social Task Done;-0.0827010888470549;-0.0386007576506106;53.02587780819189;56.249999999999986;1;6;3;0;43.75000000000001;3598;56;spacetask003reversed;;;0;0;73
48;1658941774254;27/07/2022 17:09:34;1658941771880;3;27/07/2022 20:09:31;74063;29;task-6sm9;;23336588;f05iqc79;6847704;;live;;;mobile;Apple iPhone;iOS 15.5;Mobile Safari 15.5;390x844;750x307;Social Task Done;;;SpaceTaskSimple;4;cannabis_yes;regular__ever_yes;current_regular_use_no;Consent_Done;E-Mail_Done;Demographics Done;Cape-15_Done;;CEQ__cannabis_user_done;;;right_age;Social Task First;;Social Task Done;-0.0263715301482647;0.0812520593091491;65.16383248297322;45.833333333333314;1;5;3;3.896103896103896;54.166666666666686;4012;46;spacetask003reversed;;;0;0;78
49;1658941777329;27/07/2022 17:09:37;1658941776817;3;27/07/2022 20:09:36;74063;29;task-6sm9;;23336588;f05iqc79;6847704;;live;;;mobile;Apple iPhone;iOS 15.5;Mobile Safari 15.5;390x844;750x307;Social Task Done;;;SpaceTaskSimple;4;cannabis_yes;regular__ever_yes;current_regular_use_no;Consent_Done;E-Mail_Done;Demographics Done;Cape-15_Done;;CEQ__cannabis_user_done;;;right_age;Social Task First;;Social Task Done;0.0073703898304502;0.0196427316364982;6.144682287368078;14.583333333333385;;0;3;5.194805194805195;85.41666666666664;3818;0;spacetask003reversed;;;0;0;78
50;1658941788327;27/07/2022 17:09:48;1658941783168;3;27/07/2022 20:09:43;74063;29;task-6sm9;;23336588;f05iqc79;6847704;;live;;;mobile;Apple iPhone;iOS 15.5;Mobile Safari 15.5;390x844;750x307;Social Task Done;;;SpaceTaskSimple;4;cannabis_yes;regular__ever_yes;current_regular_use_no;Consent_Done;E-Mail_Done;Demographics Done;Cape-15_Done;;CEQ__cannabis_user_done;;;right_age;Social Task First;;Social Task Done;0.00360582136564679;-0.0337421633190303;70.6845407449703;43.749999999999986;;0;3;18.181818181818183;56.25000000000002;4864;0;spacetask003reversed;;;0;0;78
51;1658941811686;27/07/2022 17:10:11;1658941808999;3;27/07/2022 20:10:08;74063;29;task-6sm9;;23336588;f05iqc79;6847704;;live;;;mobile;Apple iPhone;iOS 15.5;Mobile Safari 15.5;390x844;750x307;Social Task Done;;;SpaceTaskSimple;4;cannabis_yes;regular__ever_yes;current_regular_use_no;Consent_Done;E-Mail_Done;Demographics Done;Cape-15_Done;;CEQ__cannabis_user_done;;;right_age;Social Task First;;Social Task Done;0.448687731313445;0.411599917150562;92.5140600139935;27.083333333333357;1;3;4;15.584415584415584;72.91666666666667;4501;27;spacetask003reversed;;;0;0;81
52;1658941814808;27/07/2022 17:10:14;1658941814085;3;27/07/2022 20:10:14;74063;29;task-6sm9;;23336588;f05iqc79;6847704;;live;;;mobile;Apple iPhone;iOS 15.5;Mobile Safari 15.5;390x844;750x307;Social Task Done;;;SpaceTaskSimple;4;cannabis_yes;regular__ever_yes;current_regular_use_no;Consent_Done;E-Mail_Done;Demographics Done;Cape-15_Done;;CEQ__cannabis_user_done;;;right_age;Social Task First;;Social Task Done;-0.299683925596736;-0.373225795936796;67.07589090065304;66.66666666666666;;0;4;10.38961038961039;33.33333333333333;4091;0;spacetask003reversed;;;0;0;81
53;1658941826601;27/07/2022 17:10:26;1658941817501;3;27/07/2022 20:10:17;74063;29;task-6sm9;;23336588;f05iqc79;6847704;;live;;;mobile;Apple iPhone;iOS 15.5;Mobile Safari 15.5;390x844;750x307;Social Task Done;;;SpaceTaskSimple;4;cannabis_yes;regular__ever_yes;current_regular_use_no;Consent_Done;E-Mail_Done;Demographics Done;Cape-15_Done;;CEQ__cannabis_user_done;;;right_age;Social Task First;;Social Task Done;-0.375342518128387;-0.457968956491068;76.39710446132628;100;;0;4;58.44155844155844;0;3265;0;spacetask003reversed;;;0;0;81
54;1658941826817;27/07/2022 17:10:26;1658941822870;3;27/07/2022 20:10:22;74063;29;task-6sm9;;23336588;f05iqc79;6847704;;live;;;mobile;Apple iPhone;iOS 15.5;Mobile Safari 15.5;390x844;750x307;Social Task Done;;;SpaceTaskSimple;4;cannabis_yes;regular__ever_yes;current_regular_use_no;Consent_Done;E-Mail_Done;Demographics Done;Cape-15_Done;;CEQ__cannabis_user_done;;;right_age;Social Task First;;Social Task Done;-0.419751845983913;-0.359155974161441;24.615384615384617;100;;0;4;29.87012987012987;0;3898;0;spacetask003reversed;;;0;0;81
55;1658941826817;27/07/2022 17:10:26;1658941826471;3;27/07/2022 20:10:26;74063;29;task-6sm9;;23336588;f05iqc79;6847704;;live;;;mobile;Apple iPhone;iOS 15.5;Mobile Safari 15.5;390x844;750x307;Social Task Done;;;SpaceTaskSimple;4;cannabis_yes;regular__ever_yes;current_regular_use_no;Consent_Done;E-Mail_Done;Demographics Done;Cape-15_Done;;CEQ__cannabis_user_done;;;right_age;Social Task First;;Social Task Done;-0.280358466479094;-0.337452382375002;20.997239165653458;10.416666666666728;1;1;4;0;89.5833333333333;2651;10;spacetask003reversed;;;0;0;82
56;1658941843885;27/07/2022 17:10:43;1658941832168;3;27/07/2022 20:10:32;74063;29;task-6sm9;;23336588;f05iqc79;6847704;;live;;;mobile;Apple iPhone;iOS 15.5;Mobile Safari 15.5;390x844;750x307;Social Task Done;;;SpaceTaskSimple;4;cannabis_yes;regular__ever_yes;current_regular_use_no;Consent_Done;E-Mail_Done;Demographics Done;Cape-15_Done;;CEQ__cannabis_user_done;;;right_age;Social Task First;;Social Task Done;-0.290630074286939;-0.361369888678899;60.07304663024983;64.58333333333333;;0;4;3.896103896103896;35.416666666666664;4646;0;spacetask003reversed;;;0;0;82
57;1658941844061;27/07/2022 17:10:44;1658941836550;3;27/07/2022 20:10:36;74063;29;task-6sm9;;23336588;f05iqc79;6847704;;live;;;mobile;Apple iPhone;iOS 15.5;Mobile Safari 15.5;390x844;750x307;Social Task Done;;;SpaceTaskSimple;4;cannabis_yes;regular__ever_yes;current_regular_use_no;Consent_Done;E-Mail_Done;Demographics Done;Cape-15_Done;;CEQ__cannabis_user_done;;;right_age;Social Task First;;Social Task Done;-0.41245090355538;-0.400462006454304;58.4026724384251;10;;0;4;3.896103896103896;89.5833333333333;3459;0;spacetask003reversed;;;0;0;82
58;1658941844061;27/07/2022 17:10:44;1658941841650;3;27/07/2022 20:10:41;74063;29;task-6sm9;;23336588;f05iqc79;6847704;;live;;;mobile;Apple iPhone;iOS 15.5;Mobile Safari 15.5;390x844;750x307;Social Task Done;;;SpaceTaskSimple;4;cannabis_yes;regular__ever_yes;current_regular_use_no;Consent_Done;E-Mail_Done;Demographics Done;Cape-15_Done;;CEQ__cannabis_user_done;;;right_age;Social Task First;;Social Task Done;-0.304851479307384;-0.327380463317217;39.924231562177035;62.49999999999999;;0;4;9.090909090909092;37.5;4210;0;spacetask003reversed;;;0;0;82
59;1658941859658;27/07/2022 17:10:59;1658941854099;3;27/07/2022 20:10:54;74063;29;task-6sm9;;23336588;f05iqc79;6847704;;live;;;mobile;Apple iPhone;iOS 15.5;Mobile Safari 15.5;390x844;750x307;Social Task Done;;;SpaceTaskSimple;4;cannabis_yes;regular__ever_yes;current_regular_use_no;Consent_Done;E-Mail_Done;Demographics Done;Cape-15_Done;;CEQ__cannabis_user_done;;;right_age;Social Task First;;Social Task Done;-0.367886566450262;-0.319068689126209;27.466824564108567;10;1;1;4;3.896103896103896;89.5833333333333;4535;10;spacetask003reversed;;1;1;0;83
60;1658941859822;27/07/2022 17:10:59;1658941859566;3;27/07/2022 20:10:59;74063;29;task-6sm9;;23336588;f05iqc79;6847704;;live;;;mobile;Apple iPhone;iOS 15.5;Mobile Safari 15.5;390x844;750x307;Social Task Done;;;SpaceTaskSimple;4;cannabis_yes;regular__ever_yes;current_regular_use_no;Consent_Done;E-Mail_Done;Demographics Done;Cape-15_Done;;CEQ__cannabis_user_done;;;right_age;Social Task First;;Social Task Done;-0.289628886145744;-0.31374553422432;51.01246505196948;10;;0;4;22.07792207792208;89.5833333333333;4163;0;spacetask003reversed;;;0;0;83
61;1658941874167;27/07/2022 17:11:14;1658941865202;3;27/07/2022 20:11:05;74063;29;task-6sm9;;23336588;f05iqc79;6847704;;live;;;mobile;Apple iPhone;iOS 15.5;Mobile Safari 15.5;390x844;750x307;Social Task Done;;;SpaceTaskSimple;4;cannabis_yes;regular__ever_yes;current_regular_use_no;Consent_Done;E-Mail_Done;Demographics Done;Cape-15_Done;;CEQ__cannabis_user_done;;;right_age;Social Task First;;Social Task Done;-0.356215369498641;-0.370308143403651;6.704685486758255;100;;0;4;67.53246753246754;0;4101;0;spacetask003reversed;;;0;0;83
62;1658941874365;27/07/2022 17:11:14;1658941870157;3;27/07/2022 20:11:10;74063;29;task-6sm9;;23336588;f05iqc79;6847704;;live;;;mobile;Apple iPhone;iOS 15.5;Mobile Safari 15.5;390x844;750x307;Social Task Done;;;SpaceTaskSimple;4;cannabis_yes;regular__ever_yes;current_regular_use_no;Consent_Done;E-Mail_Done;Demographics Done;Cape-15_Done;;CEQ__cannabis_user_done;;;right_age;Social Task First;;Social Task Done;-0.324109534235643;-0.325290681585868;15.51433679161662;10;1;1;4;7.792207792207792;89.5833333333333;3763;10;spacetask003reversed;;;0;0;84
63;1658941875748;27/07/2022 17:11:15;1658941875605;3;27/07/2022 20:11:15;74063;29;task-6sm9;;23336588;f05iqc79;6847704;;live;;;mobile;Apple iPhone;iOS 15.5;Mobile Safari 15.5;390x844;750x307;Social Task Done;;;SpaceTaskSimple;4;cannabis_yes;regular__ever_yes;current_regular_use_no;Consent_Done;E-Mail_Done;Demographics Done;Cape-15_Done;;CEQ__cannabis_user_done;;;right_age;Social Task First;;Social Task Done;0.311047005928779;0.245517262608651;10.20566898231442;10;;0;4;5.194805194805195;89.5833333333333;4347;0;spacetask003reversed;;;0;0;84
64;1658941890558;27/07/2022 17:11:30;1658941881374;3;27/07/2022 20:11:21;74063;29;task-6sm9;;23336588;f05iqc79;6847704;;live;;;mobile;Apple iPhone;iOS 15.5;Mobile Safari 15.5;390x844;750x307;Social Task Done;;;SpaceTaskSimple;4;cannabis_yes;regular__ever_yes;current_regular_use_no;Consent_Done;E-Mail_Done;Demographics Done;Cape-15_Done;;CEQ__cannabis_user_done;;;right_age;Social Task First;;Social Task Done;0.310615975049375;0.340929319448053;57.386069417414596;20.83333333333337;;0;4;24.675324675324674;79.16666666666666;4064;0;spacetask003reversed;;;0;0;84
65;1658941890748;27/07/2022 17:11:30;1658941887028;3;27/07/2022 20:11:27;74063;29;task-6sm9;;23336588;f05iqc79;6847704;;live;;;mobile;Apple iPhone;iOS 15.5;Mobile Safari 15.5;390x844;750x307;Social Task Done;;;SpaceTaskSimple;4;cannabis_yes;regular__ever_yes;current_regular_use_no;Consent_Done;E-Mail_Done;Demographics Done;Cape-15_Done;;CEQ__cannabis_user_done;;;right_age;Social Task First;;Social Task Done;0.379616042182621;0.410166818874437;31.9107364434737;41.66666666666666;;0;4;9.090909090909092;58.33333333333336;4665;0;spacetask003reversed;;;0;0;84
66;1658941914552;27/07/2022 17:11:54;1658941912905;3;27/07/2022 20:11:52;74063;29;task-6sm9;;23336588;f05iqc79;6847704;;live;;;mobile;Apple iPhone;iOS 15.5;Mobile Safari 15.5;390x844;750x307;Social Task Done;;;SpaceTaskSimple;4;cannabis_yes;regular__ever_yes;current_regular_use_no;Consent_Done;E-Mail_Done;Demographics Done;Cape-15_Done;;CEQ__cannabis_user_done;;;right_age;Social Task First;;Social Task Done;0.33798504795207;0.360667791138044;31.315814168389217;100;;0;4;22.07792207792208;0;3651;0;spacetask003reversed;;1;3;0;84
67;1658941929057;27/07/2022 17:12:09;1658941920173;3;27/07/2022 20:12:00;74063;29;task-6sm9;;23336588;f05iqc79;6847704;;live;;;mobile;Apple iPhone;iOS 15.5;Mobile Safari 15.5;390x844;750x307;Social Task Done;;;SpaceTaskSimple;4;cannabis_yes;regular__ever_yes;current_regular_use_no;Consent_Done;E-Mail_Done;Demographics Done;Cape-15_Done;;CEQ__cannabis_user_done;;;right_age;Social Task First;;Social Task Done;0.391645514254678;0.313286094666577;75.44939272306033;12.500000000000057;1;1;4;10.38961038961039;87.49999999999997;4199;13;spacetask003reversed;;;0;0;85
68;1658941929296;27/07/2022 17:12:09;1658941924258;3;27/07/2022 20:12:04;74063;29;task-6sm9;;23336588;f05iqc79;6847704;;live;;;mobile;Apple iPhone;iOS 15.5;Mobile Safari 15.5;390x844;750x307;Social Task Done;;;SpaceTaskSimple;4;cannabis_yes;regular__ever_yes;current_regular_use_no;Consent_Done;E-Mail_Done;Demographics Done;Cape-15_Done;;CEQ__cannabis_user_done;;;right_age;Social Task First;;Social Task Done;0.345087898136271;0.474674774943126;27.25132672336664;100;;0;4;11.688311688311687;0;3813;0;spacetask003reversed;;;0;0;85
69;1658941932532;27/07/2022 17:12:12;1658941931946;3;27/07/2022 20:12:11;74063;29;task-6sm9;;23336588;f05iqc79;6847704;;live;;;mobile;Apple iPhone;iOS 15.5;Mobile Safari 15.5;390x844;750x307;Social Task Done;;;SpaceTaskSimple;4;cannabis_yes;regular__ever_yes;current_regular_use_no;Consent_Done;E-Mail_Done;Demographics Done;Cape-15_Done;;CEQ__cannabis_user_done;;;right_age;Social Task First;;Social Task Done;0.277931462777472;0.298081695169116;92.21819073107169;10;1;1;4;9.090909090909092;89.5833333333333;4000;10;spacetask003reversed;;;0;0;86
70;1658941943597;27/07/2022 17:12:23;1658941938180;3;27/07/2022 20:12:18;74063;29;task-6sm9;;23336588;f05iqc79;6847704;;live;;;mobile;Apple iPhone;iOS 15.5;Mobile Safari 15.5;390x844;750x307;Social Task Done;;;SpaceTaskSimple;4;cannabis_yes;regular__ever_yes;current_regular_use_no;Consent_Done;E-Mail_Done;Demographics Done;Cape-15_Done;;CEQ__cannabis_user_done;;;right_age;Social Task First;;Social Task Done;0.294754822303664;0.436737644877636;70.60640352706203;10.416666666666728;1;1;4;10.38961038961039;89.5833333333333;3563;10;spacetask003reversed;;;0;0;87
71;1658941943747;27/07/2022 17:12:23;1658941943631;3;27/07/2022 20:12:23;74063;29;task-6sm9;;23336588;f05iqc79;6847704;;live;;;mobile;Apple iPhone;iOS 15.5;Mobile Safari 15.5;390x844;750x307;Social Task Done;;;SpaceTaskSimple;4;cannabis_yes;regular__ever_yes;current_regular_use_no;Consent_Done;E-Mail_Done;Demographics Done;Cape-15_Done;;CEQ__cannabis_user_done;;;right_age;Social Task First;;Social Task Done;-0.416007252207679;-0.312807755056244;87.18083434152337;85.41666666666667;;0;4;9.090909090909092;14.583333333333336;3609;0;spacetask003reversed;;;0;0;87
72;1658941947645;27/07/2022 17:12:27;1658941947082;3;27/07/2022 20:12:27;74063;29;task-6sm9;;23336588;f05iqc79;6847704;;live;;;mobile;Apple iPhone;iOS 15.5;Mobile Safari 15.5;390x844;750x307;Social Task Done;;;SpaceTaskSimple;4;cannabis_yes;regular__ever_yes;current_regular_use_no;Consent_Done;E-Mail_Done;Demographics Done;Cape-15_Done;;CEQ__cannabis_user_done;;;right_age;Social Task First;;Social Task Done;-0.384404383439628;-0.347507808127656;0;89.58333333333334;;0;4;18.181818181818183;10.416666666666668;3398;0;spacetask003reversed;;;0;0;87
73;1658941957858;27/07/2022 17:12:37;1658941951886;3;27/07/2022 20:12:31;74063;29;task-6sm9;;23336588;f05iqc79;6847704;;live;;;mobile;Apple iPhone;iOS 15.5;Mobile Safari 15.5;390x844;750x307;Social Task Done;;;SpaceTaskSimple;4;cannabis_yes;regular__ever_yes;current_regular_use_no;Consent_Done;E-Mail_Done;Demographics Done;Cape-15_Done;;CEQ__cannabis_user_done;;;right_age;Social Task First;;Social Task Done;-0.401617947580015;-0.327478867831275;5.046250715340332;33.33333333333334;1;3;4;0;66.66666666666669;3482;33;spacetask003reversed;;;0;0;90
74;1658941958050;27/07/2022 17:12:38;1658941956753;3;27/07/2022 20:12:36;74063;29;task-6sm9;;23336588;f05iqc79;6847704;;live;;;mobile;Apple iPhone;iOS 15.5;Mobile Safari 15.5;390x844;750x307;Social Task Done;;;SpaceTaskSimple;4;cannabis_yes;regular__ever_yes;current_regular_use_no;Consent_Done;E-Mail_Done;Demographics Done;Cape-15_Done;;CEQ__cannabis_user_done;;;right_age;Social Task First;;Social Task Done;-0.276008397664639;-0.266820137813858;75.29809867549113;45.833333333333314;;0;4;0;54.166666666666686;4730;0;spacetask003reversed;;;0;0;90
75;1658941962102;27/07/2022 17:12:42;1658941961556;3;27/07/2022 20:12:41;74063;29;task-6sm9;;23336588;f05iqc79;6847704;;live;;;mobile;Apple iPhone;iOS 15.5;Mobile Safari 15.5;390x844;750x307;Social Task Done;;;SpaceTaskSimple;4;cannabis_yes;regular__ever_yes;current_regular_use_no;Consent_Done;E-Mail_Done;Demographics Done;Cape-15_Done;;CEQ__cannabis_user_done;;;right_age;Social Task First;;Social Task Done;-0.322221666044773;-0.30613994719596;23.30705185947592;10;1;1;4;0;89.5833333333333;3734;10;spacetask003reversed;;;0;0;91
76;1658941974181;27/07/2022 17:12:54;1658941966191;3;27/07/2022 20:12:46;74063;29;task-6sm9;;23336588;f05iqc79;6847704;;live;;;mobile;Apple iPhone;iOS 15.5;Mobile Safari 15.5;390x844;750x307;Social Task Done;;;SpaceTaskSimple;4;cannabis_yes;regular__ever_yes;current_regular_use_no;Consent_Done;E-Mail_Done;Demographics Done;Cape-15_Done;;CEQ__cannabis_user_done;;;right_age;Social Task First;;Social Task Done;-0.456358744376424;-0.384295150050922;30.031719455078253;16.666666666666714;1;2;4;0;83.33333333333331;3380;17;spacetask003reversed;;;0;0;93
77;1658941974337;27/07/2022 17:12:54;1658941970676;3;27/07/2022 20:12:50;74063;29;task-6sm9;;23336588;f05iqc79;6847704;;live;;;mobile;Apple iPhone;iOS 15.5;Mobile Safari 15.5;390x844;750x307;Social Task Done;;;SpaceTaskSimple;4;cannabis_yes;regular__ever_yes;current_regular_use_no;Consent_Done;E-Mail_Done;Demographics Done;Cape-15_Done;;CEQ__cannabis_user_done;;;right_age;Social Task First;;Social Task Done;-0.449115352337746;-0.32214875881583;94.94970768962567;16.666666666666714;;0;4;0;83.33333333333331;3315;0;spacetask003reversed;;;0;0;93
78;1658941974832;27/07/2022 17:12:54;1658941974711;3;27/07/2022 20:12:54;74063;29;task-6sm9;;23336588;f05iqc79;6847704;;live;;;mobile;Apple iPhone;iOS 15.5;Mobile Safari 15.5;390x844;750x307;Social Task Done;;;SpaceTaskSimple;4;cannabis_yes;regular__ever_yes;current_regular_use_no;Consent_Done;E-Mail_Done;Demographics Done;Cape-15_Done;;CEQ__cannabis_user_done;;;right_age;Social Task First;;Social Task Done;-0.459980724294076;-0.413482929073785;13.76105249682135;29.166666666666686;1;3;4;10.38961038961039;70.83333333333334;3833;29;spacetask003reversed;;;0;0;96
79;1658941979031;27/07/2022 17:12:59;1658941978474;3;27/07/2022 20:12:58;74063;29;task-6sm9;;23336588;f05iqc79;6847704;;live;;;mobile;Apple iPhone;iOS 15.5;Mobile Safari 15.5;390x844;750x307;Social Task Done;;;SpaceTaskSimple;4;cannabis_yes;regular__ever_yes;current_regular_use_no;Consent_Done;E-Mail_Done;Demographics Done;Cape-15_Done;;CEQ__cannabis_user_done;;;right_age;Social Task First;;Social Task Done;-0.388731496560216;-0.313678213875203;89.47836101780659;77.08333333333334;;0;4;3.896103896103896;22.916666666666664;3560;0;spacetask003reversed;;;0;0;96
80;1658941988992;27/07/2022 17:13:08;1658941985579;3;27/07/2022 20:13:05;74063;29;task-6sm9;;23336588;f05iqc79;6847704;;live;;;mobile;Apple iPhone;iOS 15.5;Mobile Safari 15.5;390x844;750x307;Social Task Done;;;SpaceTaskSimple;4;cannabis_yes;regular__ever_yes;current_regular_use_no;Consent_Done;E-Mail_Done;Demographics Done;Cape-15_Done;;CEQ__cannabis_user_done;;;right_age;Social Task First;;Social Task Done;-0.184838176280589;-0.300020319362267;0;18.750000000000043;1;2;4;0;81.24999999999999;3099;19;spacetask003reversed;;;0;0;98
81;1658941990453;27/07/2022 17:13:10;1658941990329;3;27/07/2022 20:13:10;74063;29;task-6sm9;;23336588;f05iqc79;6847704;;live;;;mobile;Apple iPhone;iOS 15.5;Mobile Safari 15.5;390x844;750x307;Social Task Done;;;SpaceTaskSimple;4;cannabis_yes;regular__ever_yes;current_regular_use_no;Consent_Done;E-Mail_Done;Demographics Done;Cape-15_Done;;CEQ__cannabis_user_done;;;right_age;Social Task First;;Social Task Done;0.319271340640823;0.343199003293363;25.18692249965944;10;;0;4;0;89.5833333333333;3162;0;spacetask003reversed;;;0;0;98
82;1658941995221;27/07/2022 17:13:15;1658941994630;3;27/07/2022 20:13:14;74063;29;task-6sm9;;23336588;f05iqc79;6847704;;live;;;mobile;Apple iPhone;iOS 15.5;Mobile Safari 15.5;390x844;750x307;Social Task Done;;;SpaceTaskSimple;4;cannabis_yes;regular__ever_yes;current_regular_use_no;Consent_Done;E-Mail_Done;Demographics Done;Cape-15_Done;;CEQ__cannabis_user_done;;;right_age;Social Task First;;Social Task Done;0.258376593030115;0.336108725623259;76.15824301216468;20.83333333333337;1;2;4;12.987012987012985;79.16666666666666;4111;21;spacetask003reversed;;;0;0;100
83;1658942004608;27/07/2022 17:13:24;1658941998648;3;27/07/2022 20:13:18;74063;29;task-6sm9;;23336588;f05iqc79;6847704;;live;;;mobile;Apple iPhone;iOS 15.5;Mobile Safari 15.5;390x844;750x307;Social Task Done;;;SpaceTaskSimple;4;cannabis_yes;regular__ever_yes;current_regular_use_no;Consent_Done;E-Mail_Done;Demographics Done;Cape-15_Done;;CEQ__cannabis_user_done;;;right_age;Social Task First;;Social Task Done;0.331071160364356;0.291778693499037;0;100;;0;4;44.15584415584416;0;3760;0;spacetask003reversed;;;0;0;100
84;1658942018760;27/07/2022 17:13:38;1658942016002;3;27/07/2022 20:13:36;74063;29;task-6sm9;;23336588;f05iqc79;6847704;;live;;;mobile;Apple iPhone;iOS 15.5;Mobile Safari 15.5;390x844;750x307;Social Task Done;;;SpaceTaskSimple;4;cannabis_yes;regular__ever_yes;current_regular_use_no;Consent_Done;E-Mail_Done;Demographics Done;Cape-15_Done;;CEQ__cannabis_user_done;;;right_age;Social Task First;;Social Task Done;0.339005131771946;0.334205954927829;57.77140533902174;100;;0;4;28.57142857142857;0;2803;0;spacetask003reversed;;1;2;0;100
85;1658942021132;27/07/2022 17:13:41;1658942020585;3;27/07/2022 20:13:40;74063;29;task-6sm9;;23336588;f05iqc79;6847704;;live;;;mobile;Apple iPhone;iOS 15.5;Mobile Safari 15.5;390x844;750x307;Social Task Done;;;SpaceTaskSimple;4;cannabis_yes;regular__ever_yes;current_regular_use_no;Consent_Done;E-Mail_Done;Demographics Done;Cape-15_Done;;CEQ__cannabis_user_done;;;right_age;Social Task First;;Social Task Done;0.49556672548204;0.361131998911036;85.9774459432678;56.249999999999986;1;6;4;6.493506493506493;43.75000000000001;4408;56;spacetask003reversed;;;0;0;106
86;1658942032883;27/07/2022 17:13:52;1658942024037;3;27/07/2022 20:13:44;74063;29;task-6sm9;;23336588;f05iqc79;6847704;;live;;;mobile;Apple iPhone;iOS 15.5;Mobile Safari 15.5;390x844;750x307;Social Task Done;;;SpaceTaskSimple;4;cannabis_yes;regular__ever_yes;current_regular_use_no;Consent_Done;E-Mail_Done;Demographics Done;Cape-15_Done;;CEQ__cannabis_user_done;;;right_age;Social Task First;;Social Task Done;0.286164895421815;0.273843692083158;0.1579131252166637;79.16666666666667;;0;4;5.194805194805195;20.833333333333332;3145;0;spacetask003reversed;;;0;0;106
87;1658942033063;27/07/2022 17:13:53;1658942027720;3;27/07/2022 20:13:47;74063;29;task-6sm9;;23336588;f05iqc79;6847704;;live;;;mobile;Apple iPhone;iOS 15.5;Mobile Safari 15.5;390x844;750x307;Social Task Done;;;SpaceTaskSimple;4;cannabis_yes;regular__ever_yes;current_regular_use_no;Consent_Done;E-Mail_Done;Demographics Done;Cape-15_Done;;CEQ__cannabis_user_done;;;right_age;Social Task First;;Social Task Done;0.355228456882952;0.24323506863865;73.47069022515036;18.750000000000043;1;2;4;0;81.24999999999999;3464;19;spacetask003reversed;;;0;0;108
88;1658942033063;27/07/2022 17:13:53;1658942031673;3;27/07/2022 20:13:51;74063;29;task-6sm9;;23336588;f05iqc79;6847704;;live;;;mobile;Apple iPhone;iOS 15.5;Mobile Safari 15.5;390x844;750x307;Social Task Done;;;SpaceTaskSimple;4;cannabis_yes;regular__ever_yes;current_regular_use_no;Consent_Done;E-Mail_Done;Demographics Done;Cape-15_Done;;CEQ__cannabis_user_done;;;right_age;Social Task First;;Social Task Done;0.403256286683298;0.336712824397106;19.06973616516264;25.00000000000003;;0;4;0;75;2416;0;spacetask003reversed;;;0;0;108
89;1658942047322;27/07/2022 17:14:07;1658942038241;3;27/07/2022 20:13:58;74063;29;task-6sm9;;23336588;f05iqc79;6847704;;live;;;mobile;Apple iPhone;iOS 15.5;Mobile Safari 15.5;390x844;750x307;Social Task Done;;;SpaceTaskSimple;4;cannabis_yes;regular__ever_yes;current_regular_use_no;Consent_Done;E-Mail_Done;Demographics Done;Cape-15_Done;;CEQ__cannabis_user_done;;;right_age;Social Task First;;Social Task Done;0.450940131616572;0.393641246243794;89.23076923076924;10;1;1;4;9.090909090909092;89.5833333333333;4281;10;spacetask003reversed;;;0;0;109
90;1658942047485;27/07/2022 17:14:07;1658942042809;3;27/07/2022 20:14:02;74063;29;task-6sm9;;23336588;f05iqc79;6847704;;live;;;mobile;Apple iPhone;iOS 15.5;Mobile Safari 15.5;390x844;750x307;Social Task Done;;;SpaceTaskSimple;4;cannabis_yes;regular__ever_yes;current_regular_use_no;Consent_Done;E-Mail_Done;Demographics Done;Cape-15_Done;;CEQ__cannabis_user_done;;;right_age;Social Task First;;Social Task Done;0.329305287984178;0.428926791754197;75.38461538461539;39.58333333333333;;0;4;63.63636363636363;60.41666666666669;4381;0;spacetask003reversed;;;0;0;109
91;1658942065758;27/07/2022 17:14:25;1658942064129;3;27/07/2022 20:14:24;74063;29;task-6sm9;;23336588;f05iqc79;6847704;;live;;;mobile;Apple iPhone;iOS 15.5;Mobile Safari 15.5;390x844;750x307;Social Task Done;;;SpaceTaskSimple;4;cannabis_yes;regular__ever_yes;current_regular_use_no;Consent_Done;E-Mail_Done;Demographics Done;Cape-15_Done;;CEQ__cannabis_user_done;;;right_age;Social Task First;;Social Task Done;0.331220899168467;0.363340535064627;78.66602145025827;25.00000000000003;1;3;5;5.194805194805195;75;3802;25;spacetask003reversed;;;0;0;112
92;1658942069888;27/07/2022 17:14:29;1658942069330;3;27/07/2022 20:14:29;74063;29;task-6sm9;;23336588;f05iqc79;6847704;;live;;;mobile;Apple iPhone;iOS 15.5;Mobile Safari 15.5;390x844;750x307;Social Task Done;;;SpaceTaskSimple;4;cannabis_yes;regular__ever_yes;current_regular_use_no;Consent_Done;E-Mail_Done;Demographics Done;Cape-15_Done;;CEQ__cannabis_user_done;;;right_age;Social Task First;;Social Task Done;0.368129446981985;0.366491916885307;37.832303259709306;10;;0;5;0;89.5833333333333;4081;0;spacetask003reversed;;;0;0;112
93;1658942079920;27/07/2022 17:14:39;1658942075467;3;27/07/2022 20:14:35;74063;29;task-6sm9;;23336588;f05iqc79;6847704;;live;;;mobile;Apple iPhone;iOS 15.5;Mobile Safari 15.5;390x844;750x307;Social Task Done;;;SpaceTaskSimple;4;cannabis_yes;regular__ever_yes;current_regular_use_no;Consent_Done;E-Mail_Done;Demographics Done;Cape-15_Done;;CEQ__cannabis_user_done;;;right_age;Social Task First;;Social Task Done;0.416465900248909;0.378411471939337;71.30397337002843;66.66666666666666;;0;5;53.246753246753244;33.33333333333333;4495;0;spacetask003reversed;;;0;0;112
94;1658942080089;27/07/2022 17:14:40;1658942079951;3;27/07/2022 20:14:39;74063;29;task-6sm9;;23336588;f05iqc79;6847704;;live;;;mobile;Apple iPhone;iOS 15.5;Mobile Safari 15.5;390x844;750x307;Social Task Done;;;SpaceTaskSimple;4;cannabis_yes;regular__ever_yes;current_regular_use_no;Consent_Done;E-Mail_Done;Demographics Done;Cape-15_Done;;CEQ__cannabis_user_done;;;right_age;Social Task First;;Social Task Done;0.4318604321335;0.329031315370289;20;35.41666666666667;;0;5;16.883116883116884;64.58333333333336;4295;0;spacetask003reversed;;;0;0;112
95;1658942095119;27/07/2022 17:14:55;1658942093507;3;27/07/2022 20:14:53;74063;29;task-6sm9;;23336588;f05iqc79;6847704;;live;;;mobile;Apple iPhone;iOS 15.5;Mobile Safari 15.5;390x844;750x307;Social Task Done;;;SpaceTaskSimple;4;cannabis_yes;regular__ever_yes;current_regular_use_no;Consent_Done;E-Mail_Done;Demographics Done;Cape-15_Done;;CEQ__cannabis_user_done;;;right_age;Social Task First;;Social Task Done;0.36428733405843;0.322350594037681;74.8917109680568;100;;0;5;35.064935064935064;0;4967;0;spacetask003reversed;;1;1;0;112
96;1658942113226;27/07/2022 17:15:13;1658942099675;3;27/07/2022 20:14:59;74063;29;task-6sm9;;23336588;f05iqc79;6847704;;live;;;mobile;Apple iPhone;iOS 15.5;Mobile Safari 15.5;390x844;750x307;Social Task Done;;;SpaceTaskSimple;4;cannabis_yes;regular__ever_yes;current_regular_use_no;Consent_Done;E-Mail_Done;Demographics Done;Cape-15_Done;;CEQ__cannabis_user_done;;;right_age;Social Task First;;Social Task Done;0.377139091196031;0.386320737207827;67.77620023246166;85.41666666666667;;0;5;25.97402597402597;14.583333333333336;4927;0;spacetask003reversed;;;0;0;112
97;1658942113368;27/07/2022 17:15:13;1658942111996;3;27/07/2022 20:15:11;74063;29;task-6sm9;;23336588;f05iqc79;6847704;;live;;;mobile;Apple iPhone;iOS 15.5;Mobile Safari 15.5;390x844;750x307;Social Task Done;;;SpaceTaskSimple;4;cannabis_yes;regular__ever_yes;current_regular_use_no;Consent_Done;E-Mail_Done;Demographics Done;Cape-15_Done;;CEQ__cannabis_user_done;;;right_age;Social Task First;;Social Task Done;0.347294476197906;0.357307418834041;46.950917727283056;22.9166666666667;;0;5;23.376623376623375;77.08333333333333;4919;0;spacetask003reversed;;1;1;0;112
98;1658942123289;27/07/2022 17:15:23;1658942117913;3;27/07/2022 20:15:17;74063;29;task-6sm9;;23336588;f05iqc79;6847704;;live;;;mobile;Apple iPhone;iOS 15.5;Mobile Safari 15.5;390x844;750x307;Social Task Done;;;SpaceTaskSimple;4;cannabis_yes;regular__ever_yes;current_regular_use_no;Consent_Done;E-Mail_Done;Demographics Done;Cape-15_Done;;CEQ__cannabis_user_done;;;right_age;Social Task First;;Social Task Done;0.331021066068195;0.302688809726087;75.19741039162146;12.500000000000057;1;1;5;40.25974025974026;87.49999999999997;4532;13;spacetask003reversed;;;0;0;113
99;1658942139395;27/07/2022 17:15:39;1658942137553;3;27/07/2022 20:15:37;74063;29;task-6sm9;;23336588;f05iqc79;6847704;;live;;;mobile;Apple iPhone;iOS 15.5;Mobile Safari 15.5;390x844;750x307;Social Task Done;;;SpaceTaskSimple;4;cannabis_yes;regular__ever_yes;current_regular_use_no;Consent_Done;E-Mail_Done;Demographics Done;Cape-15_Done;;CEQ__cannabis_user_done;;;right_age;Social Task First;;Social Task Done;0.37876978975227;0.325416197570596;72.32199951435976;20.83333333333337;1;2;5;9.090909090909092;79.16666666666666;4052;21;spacetask003reversed;;1;2;0;115
100;1658942153519;27/07/2022 17:15:53;1658942148640;3;27/07/2022 20:15:48;74063;29;task-6sm9;;23336588;f05iqc79;6847704;;live;;;mobile;Apple iPhone;iOS 15.5;Mobile Safari 15.5;390x844;750x307;Social Task Done;;;SpaceTaskSimple;4;cannabis_yes;regular__ever_yes;current_regular_use_no;Consent_Done;E-Mail_Done;Demographics Done;Cape-15_Done;;CEQ__cannabis_user_done;;;right_age;Social Task First;;Social Task Done;0.355449918718086;0.267787922097348;76.66701950286708;35.41666666666667;1;4;5;54.54545454545454;64.58333333333336;4569;35;spacetask003reversed;;1;1;0;119
101;1658942153822;27/07/2022 17:15:53;1658942153709;3;27/07/2022 20:15:53;74063;29;task-6sm9;;23336588;f05iqc79;6847704;;live;;;mobile;Apple iPhone;iOS 15.5;Mobile Safari 15.5;390x844;750x307;Social Task Done;;;SpaceTaskSimple;4;cannabis_yes;regular__ever_yes;current_regular_use_no;Consent_Done;E-Mail_Done;Demographics Done;Cape-15_Done;;CEQ__cannabis_user_done;;;right_age;Social Task First;;Social Task Done;0.317297638044756;0.281911870625925;93.84615384615384;29.166666666666686;1;3;5;5.194805194805195;70.83333333333334;4846;29;spacetask003reversed;;;0;0;122
102;1658942168260;27/07/2022 17:16:08;1658942166597;3;27/07/2022 20:16:06;74063;29;task-6sm9;;23336588;f05iqc79;6847704;;live;;;mobile;Apple iPhone;iOS 15.5;Mobile Safari 15.5;390x844;750x307;Social Task Done;;;SpaceTaskSimple;4;cannabis_yes;regular__ever_yes;current_regular_use_no;Consent_Done;E-Mail_Done;Demographics Done;Cape-15_Done;;CEQ__cannabis_user_done;;;right_age;Social Task First;;Social Task Done;0.022256079904148;0.0118472760585459;74.5374602070293;10;1;1;5;25.97402597402597;89.5833333333333;4501;10;spacetask003reversed;;1;1;0;123
103;1658942182313;27/07/2022 17:16:22;1658942171432;3;27/07/2022 20:16:11;74063;29;task-6sm9;;23336588;f05iqc79;6847704;;live;;;mobile;Apple iPhone;iOS 15.5;Mobile Safari 15.5;390x844;750x307;Social Task Done;;;SpaceTaskSimple;4;cannabis_yes;regular__ever_yes;current_regular_use_no;Consent_Done;E-Mail_Done;Demographics Done;Cape-15_Done;;CEQ__cannabis_user_done;;;right_age;Social Task First;;Social Task Done;0.00812681906773954;0.0774346241831033;74.43114091395981;16.666666666666714;1;2;5;5.194805194805195;83.33333333333331;3549;17;spacetask003reversed;;;0;0;125
104;1658942182497;27/07/2022 17:16:22;1658942175867;3;27/07/2022 20:16:15;74063;29;task-6sm9;;23336588;f05iqc79;6847704;;live;;;mobile;Apple iPhone;iOS 15.5;Mobile Safari 15.5;390x844;750x307;Social Task Done;;;SpaceTaskSimple;4;cannabis_yes;regular__ever_yes;current_regular_use_no;Consent_Done;E-Mail_Done;Demographics Done;Cape-15_Done;;CEQ__cannabis_user_done;;;right_age;Social Task First;;Social Task Done;0.045272530842957;0.180094268833132;87.48774884441872;10;1;1;5;0;89.5833333333333;3117;10;spacetask003reversed;;;0;0;126
105;1658942182497;27/07/2022 17:16:22;1658942180451;3;27/07/2022 20:16:20;74063;29;task-6sm9;;23336588;f05iqc79;6847704;;live;;;mobile;Apple iPhone;iOS 15.5;Mobile Safari 15.5;390x844;750x307;Social Task Done;;;SpaceTaskSimple;4;cannabis_yes;regular__ever_yes;current_regular_use_no;Consent_Done;E-Mail_Done;Demographics Done;Cape-15_Done;;CEQ__cannabis_user_done;;;right_age;Social Task First;;Social Task Done;0.082998083851553;0.456061714979869;68.90034148445937;16.666666666666714;;0;5;12.987012987012985;83.33333333333331;3262;0;spacetask003reversed;;;0;0;126
106;1658942185550;27/07/2022 17:16:25;1658942184986;3;27/07/2022 20:16:24;74063;29;task-6sm9;;23336588;f05iqc79;6847704;;live;;;mobile;Apple iPhone;iOS 15.5;Mobile Safari 15.5;390x844;750x307;Social Task Done;;;SpaceTaskSimple;4;cannabis_yes;regular__ever_yes;current_regular_use_no;Consent_Done;E-Mail_Done;Demographics Done;Cape-15_Done;;CEQ__cannabis_user_done;;;right_age;Social Task First;;Social Task Done;0.124667308351322;0.243423192858435;79.23852580677338;10;1;1;5;23.376623376623375;89.5833333333333;3483;10;spacetask003reversed;;;0;0;127
107;1658942196533;27/07/2022 17:16:36;1658942190171;3;27/07/2022 20:16:30;74063;29;task-6sm9;;23336588;f05iqc79;6847704;;live;;;mobile;Apple iPhone;iOS 15.5;Mobile Safari 15.5;390x844;750x307;Social Task Done;;;SpaceTaskSimple;4;cannabis_yes;regular__ever_yes;current_regular_use_no;Consent_Done;E-Mail_Done;Demographics Done;Cape-15_Done;;CEQ__cannabis_user_done;;;right_age;Social Task First;;Social Task Done;0.140921010910338;0.0321439722094169;91.18030135512731;10;;0;5;2.5974025974025974;89.5833333333333;4098;0;spacetask003reversed;;;0;0;127
108;1658942196709;27/07/2022 17:16:36;1658942194838;3;27/07/2022 20:16:34;74063;29;task-6sm9;;23336588;f05iqc79;6847704;;live;;;mobile;Apple iPhone;iOS 15.5;Mobile Safari 15.5;390x844;750x307;Social Task Done;;;SpaceTaskSimple;4;cannabis_yes;regular__ever_yes;current_regular_use_no;Consent_Done;E-Mail_Done;Demographics Done;Cape-15_Done;;CEQ__cannabis_user_done;;;right_age;Social Task First;;Social Task Done;0.156760801963102;0.250331177792061;67.60519458867162;16.666666666666714;1;2;5;9.090909090909092;83.33333333333331;4497;17;spacetask003reversed;;;0;0;129
END OF FILE
